a,e,i,aop,s,p,f
25295.83209258576,0.030537030081474785,54.47746467338563,89.92503271773705,6,3,0.7662637057918051